{"nodes":[{"refId":"node_0","name":"Query#1","color":"","query":"// fetch spans for travel Advisor service\nfetch spans\n| filter matchesValue(service.name, \"ai-travel-advisor\") AND matchesValue(span.name, \"ollama.chat\")\n| sort timestamp ","editedQuery":"// fetch spans for travel Advisor service\nfetch spans\n| filter matchesValue(service.name, \"ai-travel-advisor\") AND matchesValue(span.name, \"ollama.chat\")\n| sort timestamp ","queryStatus":"SUCCESS","queryMetadata":{"resultSetSizeInBytes":0,"recordCount":0},"tableState":{}},{"refId":"node_1","name":"Query#9","color":"#81C9EF","parentRefId":"node_0","query":"// fetch spans for travel Advisor service - Get only the information we need\nfetch spans\n| filter matchesValue(service.name, \"ai-travel-advisor\") AND matchesValue(span.name, \"ollama.chat\")\n| sort timestamp \n| fields gen_ai.prompt.0.content, gen_ai.completion.0.content, gen_ai.system, gen_ai.request.model, llm.request.type, trace.id","editedQuery":"// fetch spans for travel Advisor service - Get only the information we need\nfetch spans\n| filter matchesValue(service.name, \"ai-travel-advisor\") AND matchesValue(span.name, \"ollama.chat\")\n| sort timestamp \n| fields gen_ai.prompt.0.content, gen_ai.completion.0.content, gen_ai.system, gen_ai.request.model, llm.request.type, trace.id","queryStatus":"SUCCESS","queryMetadata":{"resultSetSizeInBytes":0,"recordCount":0},"tableState":{"visualizationSettings":{"resultView":"table"}}},{"refId":"node_2","name":"Query#12","color":"#78DEC1","parentRefId":"node_1","query":"// fetch spans for travel Advisor service - Get only the Prompts (Inputs)\nfetch spans\n| filter matchesValue(service.name, \"ai-travel-advisor\") AND matchesValue(span.name, \"ollama.chat\")\n| sort timestamp \n| fields gen_ai.prompt.0.content, gen_ai.system, gen_ai.request.model, llm.request.type, trace.id","editedQuery":"// fetch spans for travel Advisor service - Get only the Prompts (Inputs)\nfetch spans\n| filter matchesValue(service.name, \"ai-travel-advisor\") AND matchesValue(span.name, \"ollama.chat\")\n| sort timestamp \n| fields gen_ai.prompt.0.content, gen_ai.system, gen_ai.request.model, llm.request.type, trace.id","queryStatus":"SUCCESS","queryMetadata":{"resultSetSizeInBytes":0,"recordCount":0},"tableState":{"visualizationSettings":{"resultView":"table"}}},{"refId":"node_3","name":"Query#13","color":"#83B455","parentRefId":"node_1","query":"// fetch spans for travel Advisor service - Get only the outputs\nfetch spans\n| filter matchesValue(service.name, \"ai-travel-advisor\") AND matchesValue(span.name, \"ollama.chat\")\n| sort timestamp \n| fields gen_ai.completion.0.content, gen_ai.system, gen_ai.request.model, llm.request.type, trace.id","editedQuery":"// fetch spans for travel Advisor service - Get only the outputs\nfetch spans\n| filter matchesValue(service.name, \"ai-travel-advisor\") AND matchesValue(span.name, \"ollama.chat\")\n| sort timestamp \n| fields gen_ai.completion.0.content, gen_ai.system, gen_ai.request.model, llm.request.type, trace.id","queryStatus":"SUCCESS","queryMetadata":{"resultSetSizeInBytes":0,"recordCount":0},"tableState":{"visualizationSettings":{"resultView":"table"}}},{"refId":"node_4","name":"Query#14","color":"#83B455","parentRefId":"node_3","query":"// fetch spans for travel Advisor service - Get only the outputs that have the word Camel\n// Identify bad outputs\nfetch spans\n| filter matchesValue(service.name, \"ai-travel-advisor\") AND matchesValue(span.name, \"ollama.chat\")\n| sort timestamp \n| fields gen_ai.completion.0.content, gen_ai.system, gen_ai.request.model, llm.request.type, trace.id\n| filter contains(gen_ai.completion.0.content, \"camel\", caseSensitive:false)","editedQuery":"// fetch spans for travel Advisor service - Get only the outputs that have the word Camel\n// Identify bad outputs\nfetch spans\n| filter matchesValue(service.name, \"ai-travel-advisor\") AND matchesValue(span.name, \"ollama.chat\")\n| sort timestamp \n| fields gen_ai.completion.0.content, gen_ai.system, gen_ai.request.model, llm.request.type, trace.id\n| filter contains(gen_ai.completion.0.content, \"camel\", caseSensitive:false)","queryStatus":"SUCCESS","queryMetadata":{"resultSetSizeInBytes":0,"recordCount":0},"tableState":{"visualizationSettings":{"resultView":"table"}}},{"refId":"node_5","name":"Query#15","color":"#FCA964","parentRefId":"node_2","query":"// fetch spans for travel Advisor service - Get only the Prompts\nfetch spans\n| filter matchesValue(service.name, \"ai-travel-advisor\") AND matchesValue(span.name, \"ollama.chat\")\n| sort timestamp \n| fields gen_ai.prompt.0.content, gen_ai.system, gen_ai.request.model, llm.request.type, trace.id\n| filter contains(gen_ai.prompt.0.content, \"Cape Mumbai\", caseSensitive:false)","editedQuery":"// fetch spans for travel Advisor service - Get only the Prompts\n// Check for Bad Inputs\nfetch spans\n| filter matchesValue(service.name, \"ai-travel-advisor\") AND matchesValue(span.name, \"ollama.chat\")\n| sort timestamp \n| fields gen_ai.prompt.0.content, gen_ai.system, gen_ai.request.model, llm.request.type, trace.id\n| filter contains(gen_ai.prompt.0.content, \"Cape\", caseSensitive:false)","queryStatus":"SUCCESS","queryMetadata":{"resultSetSizeInBytes":0,"recordCount":0},"tableState":{}},{"refId":"node_6","name":"Query#17","color":"#8B6ECF","parentRefId":"node_3","query":"// fetch spans for travel Advisor service - Get only the outputs\n//Get the outputs that have a $$\nfetch spans\n| filter matchesValue(service.name, \"ai-travel-advisor\") AND matchesValue(span.name, \"ollama.chat\")\n| sort timestamp \n| fields gen_ai.completion.0.content, gen_ai.system, gen_ai.request.model, llm.request.type, trace.id\n| filter contains(gen_ai.completion.0.content, \"$\", caseSensitive:false)","editedQuery":"// fetch spans for travel Advisor service - Get only the outputs\n//Get the outputs that have a $$\nfetch spans\n| filter matchesValue(service.name, \"ai-travel-advisor\") AND matchesValue(span.name, \"ollama.chat\")\n| sort timestamp \n| fields gen_ai.completion.0.content, gen_ai.system, gen_ai.request.model, llm.request.type, trace.id\n| filter contains(gen_ai.completion.0.content, \"$\", caseSensitive:false)","queryStatus":"SUCCESS","queryMetadata":{"resultSetSizeInBytes":0,"recordCount":0},"tableState":{"visualizationSettings":{"resultView":"table"}}}]}